Date,Open,High,Low,Close,Adj Close,Volume
2014-06-16,1.045820951461792,1.0476210117340088,1.01882004737854,1.0242199897766113,0.7506541609764099,529722657.0
2014-06-23,1.0476210117340088,1.0782209634780884,1.0260200500488281,1.0350209474563599,0.7585701942443848,507703145.0
2014-06-30,1.042220950126648,1.0440210103988647,0.9900199770927429,1.008020043373108,0.7387810945510864,458625435.0
2014-07-07,1.0062199831008911,1.0440210103988647,1.0008200407028198,1.015220046043396,0.7440580725669861,575962424.0
2014-07-14,1.0278199911117554,1.072821021080017,1.0260200500488281,1.0710209608078003,0.7849547266960144,643476960.0
2014-07-21,1.0872219800949097,1.119621992111206,1.0764210224151611,1.112421989440918,0.8152977228164673,434294256.0
2014-07-28,1.112421989440918,1.112421989440918,1.045820951461792,1.0800210237503052,0.7915509343147278,216631717.0
2014-08-04,1.0818209648132324,1.0836219787597656,0.9900199770927429,1.008020043373108,0.7387810945510864,748425756.0
2014-08-11,0.9882199764251709,0.997219979763031,0.950419008731842,0.9522190093994141,0.6978843808174133,690932312.0
2014-08-18,0.9558190107345581,1.0062199831008911,0.9522190093994141,0.9918199777603149,0.7269081473350525,447086236.0
2014-08-25,0.997219979763031,1.0296200513839722,0.995419979095459,1.0044200420379639,0.7361427545547485,520349165.0
2014-09-01,1.0098199844360352,1.0440210103988647,1.0098199844360352,1.0404210090637207,0.7625278830528259,552626088.0
2014-09-08,1.0404210090637207,1.0566209554672241,0.9612190127372742,0.9630190134048462,0.7057997584342957,646769649.0
2014-09-15,0.9720190167427063,0.9918199777603149,0.950419008731842,0.950419008731842,0.6965652704238892,569278737.0
2014-09-22,0.9558190107345581,0.9702190160751343,0.9072179794311523,0.9090179800987244,0.6662222146987915,577144329.0
2014-09-29,0.9018179774284363,0.9144179821014404,0.8820170164108276,0.8910179734230042,0.6530299782752991,378013310.0
2014-10-06,0.8874179720878601,0.9198179841041565,0.8748170137405396,0.8838170170783997,0.6477522850036621,277038057.0
2014-10-13,0.9036179780960083,0.9288179874420166,0.8910179734230042,0.9252179861068726,0.678095281124115,767424348.0
2014-10-20,0.9342179894447327,0.993619978427887,0.9324179887771606,0.9792190194129944,0.7176727652549744,584585855.0
2014-10-27,0.9756190180778503,1.0134199857711792,0.9630190134048462,1.0008200407028198,0.7335042357444763,412507883.0
2014-11-03,1.0098199844360352,1.0134199857711792,0.9360190033912659,0.943219006061554,0.6912883520126343,805238414.0
2014-11-10,0.950419008731842,0.997219979763031,0.9342179894447327,0.995419979095459,0.7295465469360352,696641302.0
2014-11-17,1.0008200407028198,1.0512210130691528,0.9882199764251709,1.0476210117340088,0.767804741859436,743428325.0
2014-11-24,1.0440210103988647,1.1394230127334595,1.0350209474563599,1.108821988105774,0.8126592040061951,677483318.0
2014-12-01,1.0926220417022705,1.1034220457077026,1.045820951461792,1.069221019744873,0.7836356163024902,5174757178.0
2014-12-08,1.0710209608078003,1.1106220483779907,1.049420952796936,1.0944219827651978,0.8021054267883301,686432581.0
2014-12-15,1.0908219814300537,1.1448229551315308,1.0260200500488281,1.119621992111206,0.8205747008323669,969000633.0
2014-12-22,1.1268219947814941,1.1502230167388916,1.12322199344635,1.1448229551315308,0.839044451713562,244448934.0
2014-12-29,1.1340229511260986,1.2510249614715576,1.1178220510482788,1.155622959136963,0.8469599485397339,331347697.0
2015-01-05,1.166422963142395,1.1862239837646484,1.1412229537963867,1.1772229671478271,0.862790584564209,749493645.0
2015-01-12,1.1988240480422974,1.225823998451233,1.1862239837646484,1.1880240440368652,0.8707067966461182,498038257.0
2015-01-19,1.2042239904403687,1.3050260543823242,1.2024240493774414,1.2888259887695312,0.9445847272872925,596818235.0
2015-01-26,1.2888259887695312,1.3050260543823242,1.2492250204086304,1.28342604637146,0.9406270384788513,476798522.0
2015-02-02,1.2960259914398193,1.2978260517120361,1.159222960472107,1.1682230234146118,0.8561944961547852,675822208.0
2015-02-09,1.1358230113983154,1.2006239891052246,1.125022053718567,1.1844240427017212,0.8680682182312012,766002561.0
2015-02-16,1.1952240467071533,1.2096240520477295,1.1610230207443237,1.1754230260849,0.8614712953567505,489586407.0
2015-02-23,1.1466230154037476,1.1988240480422974,1.12322199344635,1.132222056388855,0.8298091888427734,809927851.0
2015-03-02,1.1412229537963867,1.1538230180740356,1.0548210144042969,1.0548210144042969,0.7730817198753357,671340827.0
2015-03-09,1.0818209648132324,1.0944219827651978,1.015220046043396,1.0206199884414673,0.7480157017707825,614486369.0
2015-03-16,1.0440210103988647,1.1340229511260986,1.0440210103988647,1.12322199344635,0.8232130408287048,463662601.0
2015-03-23,1.1448229551315308,1.1502230167388916,1.0548210144042969,1.058421015739441,0.7757202386856079,512200714.0
2015-03-30,1.0746209621429443,1.0836219787597656,1.022420048713684,1.0512210130691528,0.770443320274353,572492924.0
2015-04-01,,,,,,
2015-04-06,1.062021017074585,1.0746209621429443,1.042220950126648,1.049420952796936,0.7895311117172241,410540311.0
2015-04-13,1.0476210117340088,1.0674209594726562,1.0278199911117554,1.0638209581375122,0.8003649711608887,434746442.0
2015-04-20,1.0602209568023682,1.1016219854354858,1.0548210144042969,1.0962220430374146,0.8247418403625488,453781695.0
2015-04-27,1.1106220483779907,1.1304219961166382,1.072821021080017,1.0836219787597656,0.8152621984481812,453722796.0
2015-05-04,1.0818209648132324,1.0908219814300537,1.0350209474563599,1.062021017074585,0.7990108728408813,563940574.0
2015-05-11,1.069221019744873,1.1304219961166382,1.058421015739441,1.1214220523834229,0.8437010645866394,606203554.0
2015-05-18,1.1304219961166382,1.1466230154037476,1.062021017074585,1.0674209594726562,0.8030734062194824,503977443.0
2015-05-25,1.045820951461792,1.0512210130691528,1.01882004737854,1.01882004737854,0.7665085792541504,796979248.0
2015-06-01,1.008020043373108,1.0332200527191162,0.9774190187454224,1.0242199897766113,0.770571231842041,825252380.0
2015-06-08,0.9414190053939819,1.015220046043396,0.9360190033912659,1.015220046043396,0.7638001441955566,755946009.0
2015-06-15,0.993619978427887,1.0350209474563599,0.9720190167427063,1.0242199897766113,0.770571231842041,472469782.0
2015-06-22,1.038620948791504,1.05302095413208,1.015220046043396,1.0440210103988647,0.7854685187339783,494308001.0
2015-06-29,1.0368210077285767,1.0476210117340088,0.993619978427887,0.999019980430603,0.7516120076179504,588789949.0
2015-07-06,1.008020043373108,1.042220950126648,0.9828190207481384,1.0296200513839722,0.7746339440345764,508182395.0
2015-07-13,1.0404210090637207,1.049420952796936,1.0206199884414673,1.022420048713684,0.7692170739173889,336424606.0
2015-07-20,0.993619978427887,0.999019980430603,0.9324179887771606,0.945019006729126,0.7109843492507935,566155424.0
2015-07-27,0.9360190033912659,0.9720190167427063,0.9234179854393005,0.9720190167427063,0.7312978506088257,542133295.0
2015-08-03,0.9648190140724182,0.9684190154075623,0.9324179887771606,0.950419008731842,0.7150471210479736,506076404.0
2015-08-10,0.9324179887771606,0.9612190127372742,0.9018179774284363,0.9234179854393005,0.6947328448295593,606537498.0
2015-08-17,0.9126179814338684,0.9252179861068726,0.8622170090675354,0.8676170110702515,0.652751088142395,589664790.0
2015-08-24,0.8532170057296753,0.8874179720878601,0.8136159777641296,0.8748170137405396,0.6581680178642273,529039193.0
2015-08-31,0.8766170144081116,0.8820170164108276,0.8514170050621033,0.8532170057296753,0.6419172883033752,399680916.0
2015-09-07,0.8370159864425659,0.8406170010566711,0.8100159764289856,0.8136159777641296,0.612123429775238,432017602.0
2015-09-14,0.8046159744262695,0.8478170037269592,0.7956159710884094,0.8406170010566711,0.6324376463890076,579377871.0
2015-09-21,0.8514170050621033,0.8676170110702515,0.8496170043945312,0.8586170077323914,0.6459798812866211,211293537.0
2015-09-28,0.8496170043945312,0.8568170070648193,0.8370159864425659,0.8442170023918152,0.6351460218429565,572316393.0
2015-10-05,0.8748170137405396,0.9180179834365845,0.8730170130729675,0.9126179814338684,0.6866075396537781,881505621.0
2015-10-12,0.9036179780960083,0.9180179834365845,0.8820170164108276,0.8964179754257202,0.6744194626808167,615920285.0
2015-10-19,0.9108179807662964,0.9306179881095886,0.9000179767608643,0.9198179841041565,0.6920244097709656,677822089.0
2015-10-26,0.9162179827690125,0.9180179834365845,0.8676170110702515,0.8964179754257202,0.6744194626808167,512233002.0
2015-11-02,0.9702190160751343,0.9720190167427063,0.9216179847717285,0.9234179854393005,0.6947328448295593,696781366.0
2015-11-09,0.9234179854393005,0.945019006729126,0.9180179834365845,0.9396190047264099,0.7069216966629028,599815901.0
2015-11-16,0.9360190033912659,0.9414190053939819,0.9126179814338684,0.9288179874420166,0.6987955570220947,465122171.0
2015-11-23,0.9216179847717285,0.9234179854393005,0.8460170030593872,0.8532170057296753,0.6419172883033752,804320577.0
2015-11-30,0.8550170063972473,0.8928179740905762,0.8352159857749939,0.8514170050621033,0.6405630111694336,1189285715.0
2015-12-07,0.8532170057296753,0.8766170144081116,0.7920160293579102,0.7920160293579102,0.595872700214386,1402484409.0
2015-12-14,0.8028159737586975,0.8550170063972473,0.7794150114059448,0.8316159844398499,0.6256657242774963,1376976220.0
2015-12-21,0.8388170003890991,0.8514170050621033,0.8244159817695618,0.8442170023918152,0.6351460218429565,625017284.0
2015-12-28,0.8496170043945312,0.8604170083999634,0.8280159831047058,0.8280159831047058,0.6229572892189026,492217765.0
2016-01-04,0.8100159764289856,0.8388170003890991,0.7992159724235535,0.8208159804344177,0.6175403594970703,1127433316.0
2016-01-11,0.8172159790992737,0.8442170023918152,0.8136159777641296,0.8226159811019897,0.6188945174217224,1610831244.0
2016-01-18,0.8280159831047058,0.8280159831047058,0.7668150067329407,0.7722150087356567,0.5809754133224487,1111120309.0
2016-01-25,0.8028159737586975,0.8334159851074219,0.7848150134086609,0.8316159844398499,0.6256657242774963,1186122086.0
2016-02-01,0.8316159844398499,0.8334159851074219,0.7920160293579102,0.8154159784317017,0.6134777069091797,1571255759.0
2016-02-08,0.8172159790992737,0.8208159804344177,0.7596150040626526,0.7740150094032288,0.5823297500610352,1334848782.0
2016-02-15,0.7776150107383728,0.8028159737586975,0.7524150013923645,0.7866150140762329,0.5918092727661133,1199892989.0
2016-02-22,0.7938159704208374,0.8280159831047058,0.7884160280227661,0.8010159730911255,0.6026437878608704,1542255688.0
2016-02-29,0.7992159724235535,0.8460170030593872,0.7956159710884094,0.8460170030593872,0.636500358581543,1234891255.0
2016-03-07,0.8478170037269592,0.8892179727554321,0.8406170010566711,0.8766170144081116,0.6595221757888794,1410756540.0
2016-03-14,0.8730170130729675,0.8820170164108276,0.8388170003890991,0.8784170150756836,0.660876452922821,1230326415.0
2016-03-21,0.8766170144081116,0.8982179760932922,0.8208159804344177,0.8406170010566711,0.6324376463890076,1528889458.0
2016-03-28,0.8406170010566711,0.8514170050621033,0.8118159770965576,0.8154159784317017,0.6134777069091797,945403722.0
2016-03-30,,,,,,
2016-04-04,0.8208159804344177,0.8352159857749939,0.8100159764289856,0.8190159797668457,0.639437198638916,1191766015.0
2016-04-11,0.8208159804344177,0.8928179740905762,0.8190159797668457,0.8910179734230042,0.6956518292427063,1421568020.0
2016-04-18,0.8838170170783997,0.9126179814338684,0.8802170157432556,0.8892179727554321,0.6942464709281921,1346707141.0
2016-04-25,0.8874179720878601,0.9018179774284363,0.8748170137405396,0.8838170170783997,0.6900297999382019,776523741.0
2016-05-02,0.8802170157432556,0.8856170177459717,0.7686150074005127,0.7794150114059448,0.6085191965103149,1359910712.0
2016-05-09,0.7866150140762329,0.7992159724235535,0.7812150120735168,0.7866150140762329,0.6141403913497925,867885652.0
2016-05-16,0.7884160280227661,0.7956159710884094,0.7686150074005127,0.7686150074005127,0.6000871062278748,568161200.0
2016-05-23,0.7722150087356567,0.8190159797668457,0.7668150067329407,0.8064159750938416,0.6295998096466064,906304145.0
2016-05-30,0.8064159750938416,0.8226159811019897,0.7830150127410889,0.8028159737586975,0.6267891526222229,854441331.0
2016-06-06,0.8082159757614136,0.8208159804344177,0.7884160280227661,0.7938159704208374,0.6197624802589417,947447720.0
2016-06-13,0.7884160280227661,0.8028159737586975,0.7776150107383728,0.7884160280227661,0.6155465245246887,819100277.0
2016-06-20,0.7992159724235535,0.8388170003890991,0.7812150120735168,0.7956159710884094,0.621167778968811,997330235.0
2016-06-27,0.7956159710884094,0.8316159844398499,0.7902160286903381,0.8262159824371338,0.6450584530830383,1077940537.0
2016-07-04,0.8298159837722778,0.8316159844398499,0.8226159811019897,0.8298159837722778,0.6478691101074219,129572301.0
2016-07-11,0.8352159857749939,0.9036179780960083,0.8352159857749939,0.9036179780960083,0.7054891586303711,1311339826.0
2016-07-18,0.8748170137405396,0.8802170157432556,0.7488150000572205,0.7686150074005127,0.6000871062278748,1613526057.0
2016-07-25,0.7776150107383728,0.8370159864425659,0.7776150107383728,0.8280159831047058,0.6464637517929077,807822683.0
2016-08-01,0.8352159857749939,0.8604170083999634,0.8064159750938416,0.8424170017242432,0.657707154750824,902057208.0
2016-08-08,0.8604170083999634,0.8838170170783997,0.8514170050621033,0.8640170097351074,0.67457115650177,973754648.0
2016-08-15,0.8694170117378235,0.8928179740905762,0.8622170090675354,0.8802170157432556,0.6872191429138184,607460762.0
2016-08-22,0.8730170130729675,0.8838170170783997,0.8442170023918152,0.8784170150756836,0.6858137249946594,555001306.0
2016-08-29,0.8676170110702515,0.8748170137405396,0.8514170050621033,0.8694170117378235,0.678787112236023,504317186.0
2016-09-05,0.8748170137405396,0.8820170164108276,0.8568170070648193,0.8694170117378235,0.678787112236023,816584395.0
2016-09-12,0.8694170117378235,0.8748170137405396,0.8586170077323914,0.8640170097351074,0.67457115650177,101302037.0
2016-09-19,0.8730170130729675,0.9018179774284363,0.8640170097351074,0.8892179727554321,0.6942464709281921,831813913.0
2016-09-26,0.8442170023918152,0.8784170150756836,0.8352159857749939,0.8550170063972473,0.6675446033477783,773159027.0
2016-10-03,0.8586170077323914,0.8892179727554321,0.8550170063972473,0.8712170124053955,0.6801924705505371,616893088.0
2016-10-10,0.8748170137405396,0.8784170150756836,0.8442170023918152,0.8586170077323914,0.6703551411628723,509892360.0
2016-10-17,0.8550170063972473,0.8856170177459717,0.8514170050621033,0.8784170150756836,0.6858137249946594,480972692.0
2016-10-24,0.8820170164108276,0.9090179800987244,0.8802170157432556,0.9000179767608643,0.7026785016059875,554082402.0
2016-10-31,0.9018179774284363,0.9162179827690125,0.8442170023918152,0.8496170043945312,0.6633284091949463,684975771.0
2016-11-07,0.8640170097351074,0.9054179787635803,0.8496170043945312,0.8694170117378235,0.678787112236023,697679080.0
2016-11-14,0.8730170130729675,0.8838170170783997,0.8550170063972473,0.8784170150756836,0.6858137249946594,749945997.0
2016-11-21,0.8820170164108276,0.8856170177459717,0.8532170057296753,0.8586170077323914,0.6703551411628723,684432177.0
2016-11-28,0.8712170124053955,0.8928179740905762,0.8478170037269592,0.8622170090675354,0.6731657385826111,892812885.0
2016-12-05,0.8568170070648193,0.9180179834365845,0.8568170070648193,0.9036179780960083,0.7054891586303711,708654263.0
2016-12-12,0.8982179760932922,0.9360190033912659,0.8874179720878601,0.9252179861068726,0.7223530411720276,707263564.0
2016-12-19,0.9288179874420166,0.943219006061554,0.9126179814338684,0.9198179841041565,0.7181370854377747,412386639.0
2016-12-26,0.9216179847717285,0.9414190053939819,0.9126179814338684,0.9324179887771606,0.7279743552207947,250757439.0
2017-01-02,0.9288179874420166,0.9324179887771606,0.8910179734230042,0.9144179821014404,0.7139210104942322,648265895.0
2017-01-09,0.9090179800987244,0.9828190207481384,0.9054179787635803,0.9774190187454224,0.7631083726882935,1105042137.0
2017-01-16,0.9774190187454224,1.0278199911117554,0.9666190147399902,1.0098199844360352,0.7884051203727722,943414786.0
2017-01-23,1.0170199871063232,1.0332200527191162,1.0008200407028198,1.0296200513839722,0.8038637042045593,615928357.0
2017-01-30,1.0260200500488281,1.1016219854354858,1.0260200500488281,1.1016219854354858,0.8600784540176392,965967011.0
2017-02-06,1.108821988105774,1.155622959136963,1.072821021080017,1.1070220470428467,0.8642944693565369,1088354698.0
2017-02-13,1.1106220483779907,1.1520229578018188,1.1106220483779907,1.1394230127334595,0.8895912170410156,753524701.0
2017-02-20,1.1484229564666748,1.1610230207443237,1.116021990776062,1.1430230140686035,0.8924018144607544,819185391.0
2017-02-27,1.1448229551315308,1.2150239944458008,1.1358230113983154,1.2042239904403687,0.9401837587356567,943260644.0
2017-03-06,1.2078239917755127,1.2186239957809448,1.1394230127334595,1.1898239850997925,0.9289411306381226,849890768.0
2017-03-13,1.1880240440368652,1.2060240507125854,1.1610230207443237,1.1916240453720093,0.9303464889526367,378435257.0
2017-03-20,1.1898239850997925,1.2096240520477295,1.1682230234146118,1.2060240507125854,0.9415891170501709,339607763.0
2017-03-27,1.2042239904403687,1.2150239944458008,1.1862239837646484,1.1934239864349365,0.9317516088485718,435679934.0
2017-04-03,1.1988240480422974,1.2042239904403687,1.1466230154037476,1.1808229684829712,0.9219136238098145,480079027.0
2017-04-04,,,,,,
2017-04-10,1.1862239837646484,1.2708250284194946,1.1862239837646484,1.2006239891052246,0.9754549264907837,799148603.0
2017-04-17,1.2168240547180176,1.2510249614715576,1.1934239864349365,1.2348250150680542,1.0032418966293335,676315270.0
2017-04-24,1.2492250204086304,1.27982497215271,1.2438249588012695,1.2618249654769897,1.025178074836731,616628660.0
2017-05-01,1.2618249654769897,1.2726249694824219,1.2330249547958374,1.2546249628067017,1.0193283557891846,489392200.0
2017-05-08,1.2582249641418457,1.2744250297546387,1.2402249574661255,1.2492250204086304,1.0149412155151367,537587214.0
2017-05-15,1.2582249641418457,1.276224970817566,1.2438249588012695,1.2564250230789185,1.0207908153533936,373410243.0
2017-05-22,1.2690249681472778,1.3086260557174683,1.2618249654769897,1.2618249654769897,1.025178074836731,602167087.0
2017-05-29,1.2654249668121338,1.276224970817566,1.2456250190734863,1.276224970817566,1.0368773937225342,559281041.0
2017-06-05,1.27982497215271,1.2888259887695312,1.2564250230789185,1.2780250310897827,1.0383398532867432,436683492.0
2017-06-12,1.27982497215271,1.3014260530471802,1.2708250284194946,1.2852259874343872,1.0441904067993164,425223024.0
2017-06-19,1.290626049041748,1.3140259981155396,1.2888259887695312,1.3068259954452515,1.061739444732666,214177427.0
2017-06-26,1.3068259954452515,1.341027021408081,1.3014260530471802,1.341027021408081,1.0895261764526367,195364059.0
2017-07-03,1.3428269624710083,1.3572269678115845,1.3320269584655762,1.3356269598007202,1.0851390361785889,291141996.0
2017-07-10,1.3428269624710083,1.407628059387207,1.3428269624710083,1.3824280500411987,1.123162865638733,502253110.0
2017-07-17,1.3824280500411987,1.438228964805603,1.3788269758224487,1.4130280017852783,1.148024082183838,300965264.0
2017-07-24,1.4184279441833496,1.4220279455184937,1.3860280513763428,1.3860280513763428,1.1260876655578613,371870575.0
2017-07-31,1.384227991104126,1.384227991104126,1.3176259994506836,1.3554270267486572,1.101225733757019,490383395.0
2017-08-07,1.3644269704818726,1.3986279964447021,1.330227017402649,1.344627022743225,1.0924510955810547,396293961.0
2017-08-14,1.3608269691467285,1.396828055381775,1.3194259405136108,1.3284260034561157,1.0792884826660156,366341954.0
2017-08-21,1.330227017402649,1.3932280540466309,1.330227017402649,1.3752269744873047,1.1173123121261597,397632940.0
2017-08-28,1.3788269758224487,1.3824280500411987,1.3464269638061523,1.3482270240783691,1.095375895500183,201363721.0
2017-09-04,1.3482270240783691,1.3554270267486572,1.290626049041748,1.3032259941101074,1.0588146448135376,333962400.0
2017-09-11,1.3122260570526123,1.337427020072937,1.3086260557174683,1.3176259994506836,1.0705139636993408,268671559.0
2017-09-18,1.3194259405136108,1.3230259418487549,1.2636250257492065,1.2726249694824219,1.0339525938034058,305465801.0
2017-09-25,1.2744250297546387,1.2744250297546387,1.2186239957809448,1.2204240560531616,0.9915416240692139,353627589.0
2017-10-02,1.2204240560531616,1.2492250204086304,1.2150239944458008,1.2402249574661255,1.0076289176940918,356838447.0
2017-10-09,1.1808229684829712,1.2528250217437744,1.179023027420044,1.2528250217437744,1.0178658962249756,458868852.0
2017-10-16,1.2564250230789185,1.290626049041748,1.2276240587234497,1.2618249654769897,1.025178074836731,413201580.0
2017-10-23,1.2564250230789185,1.2852259874343872,1.225823998451233,1.2384250164031982,1.0061665773391724,417132761.0
2017-10-30,1.2510249614715576,1.3626270294189453,1.2456250190734863,1.2888259887695312,1.0471150875091553,605469426.0
2017-11-06,1.2960259914398193,1.3248260021209717,1.1970239877700806,1.2042239904403687,0.9783797264099121,647528655.0
2017-11-13,1.2096240520477295,1.2492250204086304,1.1358230113983154,1.1430230140686035,0.9286565780639648,692265741.0
2017-11-20,1.1430230140686035,1.1538230180740356,1.0800210237503052,1.1106220483779907,0.9023322463035583,702102785.0
2017-11-27,1.112421989440918,1.1808229684829712,1.0746209621429443,1.125022053718567,0.9140316247940063,854442409.0
2017-12-04,1.12322199344635,1.2402249574661255,1.119621992111206,1.2078239917755127,0.9813045859336853,800683317.0
2017-12-11,1.2168240547180176,1.2582249641418457,1.1448229551315308,1.173622965812683,0.9535177946090698,997754815.0
2017-12-18,1.1880240440368652,1.2186239957809448,1.170022964477539,1.2078239917755127,0.9813045859336853,513340162.0
2017-12-25,1.2168240547180176,1.2744250297546387,1.2060240507125854,1.2546249628067017,1.0193283557891846,590582149.0
2018-01-01,1.2546249628067017,1.2888259887695312,1.2312250137329102,1.2456250190734863,1.0120162963867188,579078368.0
2018-01-08,1.2564250230789185,1.2690249681472778,1.2024240493774414,1.2690249681472778,1.0310276746749878,567369855.0
2018-01-15,1.2654249668121338,1.3068259954452515,1.2114239931106567,1.2924259901046753,1.0500400066375732,730405705.0
2018-01-22,1.3032259941101074,1.4814300537109375,1.2852259874343872,1.4796299934387207,1.2021352052688599,1062713519.0
2018-01-29,1.4886300563812256,1.497630000114441,1.4058279991149902,1.4166280031204224,1.1509487628936768,740283660.0
2018-02-05,1.4112279415130615,1.4166280031204224,1.2888259887695312,1.3122260570526123,1.0661267042160034,910243698.0
2018-02-12,1.330227017402649,1.391427993774414,1.2996259927749634,1.3680269718170166,1.1114625930786133,532722798.0
2018-02-19,1.3788269758224487,1.3824280500411987,1.2492250204086304,1.3518270254135132,1.098300814628601,606931973.0
2018-02-26,1.3626270294189453,1.3770270347595215,1.341027021408081,1.3500269651412964,1.096838355064392,506939699.0
2018-03-05,1.3590270280838013,1.3986279964447021,1.3482270240783691,1.3698270320892334,1.1129250526428223,314077880.0
2018-03-12,1.380627989768982,1.3986279964447021,1.3248260021209717,1.333827018737793,1.0836765766143799,303677509.0
2018-03-19,1.3392269611358643,1.3464269638061523,1.2654249668121338,1.3014260530471802,1.0573521852493286,491268660.0
2018-03-26,1.3086260557174683,1.3104259967803955,1.2492250204086304,1.2888259887695312,1.0471150875091553,352656291.0
2018-04-02,1.2888259887695312,1.294226050376892,1.2060240507125854,1.2132240533828735,0.9856921434402466,370688415.0
2018-04-03,,,,,,
2018-04-09,1.2222239971160889,1.2222239971160889,1.1304219961166382,1.173622965812683,0.9948351979255676,479291426.0
2018-04-16,1.1772229671478271,1.2006239891052246,1.1394230127334595,1.1538230180740356,0.9780516624450684,685559449.0
2018-04-23,1.1538230180740356,1.1610230207443237,1.1016219854354858,1.1448229551315308,0.9704226851463318,407815478.0
2018-04-30,1.1520229578018188,1.155622959136963,1.0548210144042969,1.0782209634780884,0.913966715335846,576597322.0
2018-05-07,1.0782209634780884,1.0926220417022705,1.0296200513839722,1.0602209568023682,0.8987088203430176,633801821.0
2018-05-14,1.069221019744873,1.1268219947814941,1.065621018409729,1.1178220510482788,0.94753497838974,731460006.0
2018-05-21,1.1142220497131348,1.1610230207443237,1.1052219867706299,1.1340229511260986,0.9612678289413452,666439737.0
2018-05-28,1.1520229578018188,1.1826239824295044,1.0404210090637207,1.049420952796936,0.889553964138031,834634533.0
2018-06-04,1.0476210117340088,1.0746209621429443,1.0008200407028198,1.0350209474563599,0.8773475885391235,647982774.0
2018-06-11,1.0350209474563599,1.058421015739441,1.0044200420379639,1.049420952796936,0.889553964138031,439694574.0
2018-06-18,1.0404210090637207,1.0962220430374146,1.008020043373108,1.0800210237503052,0.9154924750328064,597359490.0
2018-06-25,1.12322199344635,1.12322199344635,1.002619981765747,1.0260200500488281,0.8697179555892944,1058054236.0
2018-07-02,1.0170199871063232,1.049420952796936,1.0098199844360352,1.0296200513839722,0.8727694749832153,772094721.0
2018-07-09,1.0350209474563599,1.058421015739441,0.8784170150756836,0.8982179760932922,0.7613850235939026,1139772276.0
2018-07-16,0.9036179780960083,0.9072179794311523,0.8442170023918152,0.8838170170783997,0.7491779327392578,890054497.0
2018-07-23,0.8946179747581482,0.9180179834365845,0.8550170063972473,0.8838170170783997,0.7491779327392578,1030808122.0
2018-07-30,0.8748170137405396,0.9198179841041565,0.8712170124053955,0.8946179747581482,0.7583334445953369,708893787.0
2018-08-06,0.8928179740905762,0.9162179827690125,0.7542150020599365,0.8136159777641296,0.6896711587905884,1211141132.0
2018-08-13,0.7992159724235535,0.7992159724235535,0.671413004398346,0.6966140270233154,0.5904930830001831,2663188804.0
2018-08-20,0.7128139734268188,0.727213978767395,0.7110139727592468,0.7110139727592468,0.602699339389801,236499647.0
2018-08-27,0.721813976764679,0.7470149993896484,0.7092139720916748,0.7200139760971069,0.6103282570838928,1718218059.0
2018-09-03,0.7182139754295349,0.7362139821052551,0.7110139727592468,0.7200139760971069,0.6103282570838928,1339097684.0
2018-09-10,0.7182139754295349,0.7722150087356567,0.6966140270233154,0.7506150007247925,0.6362676024436951,1595353860.0
2018-09-17,0.723613977432251,0.7668150067329407,0.6948140263557434,0.7344139814376831,0.6225346922874451,2621064775.0
2018-09-24,0.7398149967193604,0.8064159750938416,0.7362139821052551,0.7992159724235535,0.6774648427963257,2325166851.0
2018-10-01,0.7956159710884094,0.8028159737586975,0.7056139707565308,0.7326139807701111,0.6210088133811951,1249394362.0
2018-10-08,0.725413978099823,0.7704150080680847,0.7110139727592468,0.7380139827728271,0.6255862712860107,1648834261.0
2018-10-15,0.7380139827728271,0.7974159717559814,0.7380139827728271,0.7506150007247925,0.6362676024436951,1786120268.0
2018-10-22,0.7560150027275085,0.7596150040626526,0.7074139714241028,0.7092139720916748,0.6011735796928406,1027987113.0
2018-10-29,0.7092139720916748,0.7686150074005127,0.7038140296936035,0.7614150047302246,0.6454223990440369,901205382.0
2018-11-05,0.7686150074005127,0.7938159704208374,0.7128139734268188,0.725413978099823,0.6149057149887085,1459815011.0
2018-11-12,0.725413978099823,0.7434149980545044,0.7146139740943909,0.7326139807701111,0.6210088133811951,1160696440.0
2018-11-19,0.7326139807701111,0.7434149980545044,0.7182139754295349,0.7326139807701111,0.6210088133811951,936921123.0
2018-11-26,0.7380139827728271,0.7686150074005127,0.7362139821052551,0.7614150047302246,0.6454223990440369,988203771.0
2018-12-03,0.7776150107383728,0.7830150127410889,0.725413978099823,0.7398149967193604,0.627112865447998,901774487.0
2018-12-10,0.7344139814376831,0.7434149980545044,0.723613977432251,0.7380139827728271,0.6255862712860107,669864906.0
2018-12-17,0.7380139827728271,0.7830150127410889,0.7362139821052551,0.7794150114059448,0.6606802940368652,641073913.0
2018-12-24,0.7812150120735168,0.8262159824371338,0.7740150094032288,0.7884160280227661,0.6683101058006287,548415484.0
2018-12-31,0.7938159704208374,0.8244159817695618,0.7344139814376831,0.7614150047302246,0.6454223990440369,653312283.0
2019-01-07,0.7668150067329407,0.7740150094032288,0.7434149980545044,0.7650150060653687,0.6484739184379578,599874066.0
2019-01-14,0.7578150033950806,0.9342179894447327,0.7506150007247925,0.9162179827690125,0.776642918586731,1350978454.0
2019-01-21,0.9180179834365845,1.0044200420379639,0.9072179794311523,0.9774190187454224,0.828520655632019,1370479630.0
2019-01-28,0.9846190214157104,1.0764210224151611,0.9612190127372742,1.0476210117340088,0.8880282640457153,1333354712.0
2019-02-04,1.0512210130691528,1.072821021080017,0.94861900806427,0.9756190180778503,0.8269948959350586,1965593651.0
2019-02-11,0.9882199764251709,1.0440210103988647,0.9576190114021301,1.038620948791504,0.880399227142334,1794495794.0
2019-02-18,1.0440210103988647,1.0476210117340088,0.9900199770927429,1.0008200407028198,0.8483568429946899,1123958109.0
2019-02-25,1.0062199831008911,1.0512210130691528,1.0062199831008911,1.042220950126648,0.8834508061408997,960402880.0
2019-03-04,1.042220950126648,1.108821988105774,1.0350209474563599,1.0764210224151611,0.9124409556388855,1288306409.0
2019-03-11,1.0782209634780884,1.128622055053711,1.0638209581375122,1.125022053718567,0.9536381363868713,833903836.0
2019-03-18,1.1340229511260986,1.2042239904403687,1.0710209608078003,1.0800210237503052,0.9154924750328064,1036648171.0
2019-03-25,1.0746209621429443,1.0782209634780884,0.9342179894447327,0.999019980430603,0.8468310236930847,1639656087.0
2019-04-01,0.995419979095459,1.0944219827651978,0.950419008731842,1.069221019744873,0.9063377976417542,1074334377.0
2019-04-08,1.062021017074585,1.0710209608078003,0.9900199770927429,1.008020043373108,0.8544600605964661,694838189.0
2019-04-15,1.0044200420379639,1.108821988105774,1.002619981765747,1.065621018409729,0.9032861590385437,810207246.0
2019-04-22,1.0566209554672241,1.062021017074585,0.9720190167427063,0.9900199770927429,0.8392020463943481,688401280.0
2019-04-29,0.9900199770927429,0.993619978427887,0.9252179861068726,0.9360190033912659,0.7934275269508362,791632945.0
2019-05-06,0.9144179821014404,0.9522190093994141,0.9036179780960083,0.9162179827690125,0.776642918586731,949415686.0
2019-05-13,0.9180179834365845,0.9270179867744446,0.8874179720878601,0.8982179760932922,0.7613850235939026,1105822299.0
2019-05-20,0.8964179754257202,0.9126179814338684,0.8622170090675354,0.9072179794311523,0.7690140008926392,888390214.0
2019-05-27,0.9144179821014404,0.9342179894447327,0.8838170170783997,0.9162179827690125,0.776642918586731,1024328299.0
2019-06-03,0.8892179727554321,0.9378190040588379,0.8784170150756836,0.9324179887771606,0.7903750538825989,438414413.0
2019-06-10,0.9360190033912659,0.9594190120697021,0.8928179740905762,0.9126179814338684,0.7735913991928101,1129340433.0
2019-06-17,0.9108179807662964,1.0260200500488281,0.9090179800987244,1.011620044708252,0.8575116395950317,1185630972.0
2019-06-24,1.0800210237503052,1.0962220430374146,1.0368210077285767,1.0908219814300537,0.924648106098175,1176291217.0
2019-07-01,1.119621992111206,1.1916240453720093,1.119621992111206,1.1844240427017212,1.0039910078048706,811855007.0
2019-07-08,1.166422963142395,1.1844240427017212,1.0944219827651978,1.0998220443725586,0.9322771430015564,930894240.0
2019-07-15,1.0998220443725586,1.1808229684829712,1.0980219841003418,1.155622959136963,0.979577362537384,559793949.0
2019-07-22,1.1502230167388916,1.170022964477539,1.1142220497131348,1.155622959136963,0.979577362537384,879492811.0
2019-07-29,1.1574230194091797,1.166422963142395,1.0818209648132324,1.0854220390319824,0.9200707077980042,612230182.0
2019-08-05,1.0782209634780884,1.0944219827651978,1.0242199897766113,1.038620948791504,0.880399227142334,894661248.0
2019-08-12,1.038620948791504,1.038620948791504,0.9576190114021301,0.9666190147399902,0.8193659782409668,423703357.0
2019-08-19,0.9756190180778503,0.995419979095459,0.943219006061554,0.9882199764251709,0.8376762866973877,887168382.0
2019-08-26,0.9684190154075623,1.0044200420379639,0.9684190154075623,0.9900199770927429,0.8392020463943481,692367116.0
2019-09-02,0.9918199777603149,1.0962220430374146,0.9918199777603149,1.05302095413208,0.8926056027412415,992656935.0
2019-09-09,1.0638209581375122,1.132222056388855,1.062021017074585,1.125022053718567,0.9536381363868713,909359654.0
2019-09-16,1.1106220483779907,1.1376229524612427,1.045820951461792,1.0548210144042969,0.8941314220428467,1020907295.0
2019-09-23,1.0566209554672241,1.1682230234146118,1.0368210077285767,1.1430230140686035,0.9688968658447266,1093036959.0
2019-09-30,1.1520229578018188,1.1574230194091797,1.0818209648132324,1.1070220470428467,0.9383803009986877,894970825.0
2019-10-07,1.0980219841003418,1.125022053718567,1.0314199924468994,1.0746209621429443,0.9109150767326355,1119194082.0
2019-10-14,1.0548210144042969,1.0980219841003418,0.9846190214157104,1.0926220417022705,0.9261738657951355,582900689.0
2019-10-21,1.0908219814300537,1.108821988105774,1.0638209581375122,1.0872219800949097,0.9215964674949646,414327989.0
2019-10-28,1.0818209648132324,1.0854220390319824,1.0350209474563599,1.0476210117340088,0.8880282640457153,227811433.0
2019-11-04,1.0638209581375122,1.1214220523834229,1.0602209568023682,1.1106220483779907,0.9414317607879639,451450480.0
2019-11-11,1.0980219841003418,1.132222056388855,1.0962220430374146,1.1268219947814941,0.955163836479187,457756497.0
2019-11-18,1.1340229511260986,1.155622959136963,1.119621992111206,1.125022053718567,0.9536381363868713,411403623.0
2019-11-25,1.1304219961166382,1.1340229511260986,1.0836219787597656,1.1070220470428467,0.9383803009986877,395203412.0
2019-12-02,1.1142220497131348,1.128622055053711,1.0962220430374146,1.1178220510482788,0.94753497838974,375613292.0
2019-12-09,1.112421989440918,1.1466230154037476,1.0890220403671265,1.12322199344635,0.9521124362945557,544258835.0
2019-12-16,1.1214220523834229,1.1304219961166382,1.0980219841003418,1.1070220470428467,0.9383803009986877,369914470.0
2019-12-23,1.108821988105774,1.1484229564666748,1.1052219867706299,1.128622055053711,0.9566897749900818,607669892.0
2019-12-30,1.132222056388855,1.1826239824295044,1.1268219947814941,1.1358230113983154,0.96279376745224,647111491.0
2020-01-06,1.116021990776062,1.229423999786377,1.0908219814300537,1.1988240480422974,1.0161973237991333,960526360.0
2020-01-13,1.2114239931106567,1.290626049041748,1.2060240507125854,1.2744250297546387,1.080281376838684,935359760.0
2020-01-20,1.27982497215271,1.3392269611358643,1.2726249694824219,1.3212260007858276,1.11995267868042,645175902.0
2020-01-27,1.3050260543823242,1.3464269638061523,1.2744250297546387,1.3122260570526123,1.1123238801956177,592481677.0
2020-02-03,1.3086260557174683,1.3788269758224487,1.294226050376892,1.341027021408081,1.13673734664917,561268724.0
2020-02-10,1.330227017402649,1.3464269638061523,1.2420250177383423,1.2582249641418457,1.066549301147461,673494695.0
2020-02-17,1.2546249628067017,1.2654249668121338,1.1412229537963867,1.1646230220794678,0.9872063398361206,573058584.0
2020-02-24,1.1466230154037476,1.1466230154037476,0.999019980430603,1.0404210090637207,0.8819250464439392,551205349.0
2020-03-02,1.0476210117340088,1.1466230154037476,1.0350209474563599,1.0800210237503052,0.9154924750328064,620451138.0
2020-03-09,1.05302095413208,1.0602209568023682,0.9198179841041565,0.9666190147399902,0.8193659782409668,488391953.0
2020-03-16,0.9270179867744446,0.943219006061554,0.8280159831047058,0.8730170130729675,0.740023136138916,1138071499.0
2020-03-23,0.8496170043945312,0.8928179740905762,0.8154159784317017,0.8460170030593872,0.7171362638473511,1248569600.0
2020-03-30,0.8406170010566711,0.8604170083999634,0.8208159804344177,0.8226159811019897,0.697300136089325,734926830.0
2020-04-06,0.8352159857749939,0.9360190033912659,0.8298159837722778,0.9162179827690125,0.776642918586731,1378748268.0
2020-04-13,0.9000179767608643,0.9162179827690125,0.8604170083999634,0.8910179734230042,0.7552818059921265,1083369566.0
2020-04-20,0.8928179740905762,0.9036179780960083,0.8568170070648193,0.8730170130729675,0.740023136138916,692490504.0
2020-04-27,0.8838170170783997,0.9162179827690125,0.8820170164108276,0.8928179740905762,0.7568076848983765,1106065155.0
2020-05-04,0.8802170157432556,0.8946179747581482,0.8730170130729675,0.8766170144081116,0.7430747151374817,871843039.0
2020-05-11,0.8802170157432556,0.9000179767608643,0.8550170063972473,0.8622170090675354,0.730868399143219,960850070.0
2020-05-18,0.8676170110702515,0.8766170144081116,0.8604170083999634,0.8640170097351074,0.7323941588401794,435912102.0
2020-05-25,0.8640170097351074,0.9018179774284363,0.8640170097351074,0.8910179734230042,0.7552818059921265,784915454.0
2020-06-01,0.9000179767608643,0.9270179867744446,0.8982179760932922,0.9252179861068726,0.7842719554901123,1068570755.0
2020-06-08,0.9270179867744446,0.9360190033912659,0.9090179800987244,0.9270179867744446,0.785797655582428,1025377560.0
2020-06-15,0.9180179834365845,0.9594190120697021,0.9126179814338684,0.9522190093994141,0.8071596026420593,1150169854.0
2020-06-22,0.9792190194129944,1.0062199831008911,0.9522190093994141,0.9648190140724182,0.8178401589393616,1141699988.0
2020-06-29,0.9666190147399902,1.0170199871063232,0.9612190127372742,0.9666190147399902,0.8193659782409668,1595114480.0
2020-07-06,0.9810190200805664,0.9918199777603149,0.9270179867744446,0.946819007396698,0.8025822639465332,1273864553.0
2020-07-13,0.9558190107345581,0.9756190180778503,0.946819007396698,0.9576190114021301,0.8117370009422302,735825034.0
2020-07-20,0.9540190100669861,0.9774190187454224,0.946819007396698,0.9522190093994141,0.8071596026420593,816392008.0
2020-07-27,0.9558190107345581,0.9576190114021301,0.8604170083999634,0.8640170097351074,0.7323941588401794,724252398.0
2020-08-03,0.8640170097351074,0.8820170164108276,0.7992159724235535,0.8478170037269592,0.7186620235443115,1386586498.0
2020-08-10,0.8514170050621033,0.9252179861068726,0.8388170003890991,0.8730170130729675,0.740023136138916,1141353489.0
2020-08-17,0.8676170110702515,0.9396190047264099,0.8604170083999634,0.9036179780960083,0.7659623622894287,1283040939.0
2020-08-24,0.9054179787635803,0.9252179861068726,0.8712170124053955,0.9090179800987244,0.7705398201942444,959411989.0
2020-08-31,0.9054179787635803,0.9162179827690125,0.8820170164108276,0.9000179767608643,0.762910783290863,1113700934.0
2020-09-07,0.9018179774284363,0.9270179867744446,0.8964179754257202,0.9108179807662964,0.7720655798912048,942595786.0
2020-09-14,0.9126179814338684,0.9162179827690125,0.8928179740905762,0.8964179754257202,0.7598592638969421,586132328.0
2020-09-21,0.8946179747581482,0.9684190154075623,0.8676170110702515,0.943219006061554,0.7995306849479675,1423744305.0
2020-09-28,0.943219006061554,0.9846190214157104,0.9216179847717285,0.9720190167427063,0.8239433169364929,1382869557.0
2020-10-05,0.9666190147399902,0.9720190167427063,0.9288179874420166,0.9576190114021301,0.8117370009422302,923045833.0
2020-10-12,0.9594190120697021,0.9846190214157104,0.94861900806427,0.9810190200805664,0.8315722942352295,894840979.0
2020-10-19,0.9900199770927429,1.05302095413208,0.9666190147399902,0.9720190167427063,0.8239433169364929,1389623258.0
2020-10-26,0.9540190100669861,0.9558190107345581,0.9126179814338684,0.9198179841041565,0.7796944379806519,942611891.0
2020-11-02,0.9252179861068726,0.997219979763031,0.9216179847717285,0.9774190187454224,0.828520655632019,1029218310.0
2020-11-09,1.0350209474563599,1.287026047706604,1.022420048713684,1.2438249588012695,1.0543427467346191,3643806226.0
2020-11-16,1.2636250257492065,1.294226050376892,1.170022964477539,1.2276240587234497,1.0406099557876587,3502095597.0
2020-11-23,1.2276240587234497,1.2456250190734863,1.1574230194091797,1.2276240587234497,1.0406099557876587,2035960318.0
2020-11-30,1.2060240507125854,1.229423999786377,1.1682230234146118,1.1934239864349365,1.0116198062896729,1213540567.0
2020-12-07,1.1754230260849,1.2042239904403687,1.1484229564666748,1.1826239824295044,1.002465009689331,1319352734.0
2020-12-14,1.1970239877700806,1.2276240587234497,1.1916240453720093,1.2168240547180176,1.0314552783966064,981667848.0
2020-12-21,1.2024240493774414,1.229423999786377,1.1772229671478271,1.2132240533828735,1.028403639793396,905060876.0
2020-12-28,1.225823998451233,1.2726249694824219,1.2150239944458008,1.2618249654769897,1.0696008205413818,855515943.0
2021-01-04,1.2654249668121338,1.326625943183899,1.2240240573883057,1.326625943183899,1.1245300769805908,1520552356.0
2021-01-11,1.3158260583877563,1.3248260021209717,1.2240240573883057,1.2312250137329102,1.0436623096466064,918499209.0
2021-01-18,1.225823998451233,1.2708250284194946,1.1916240453720093,1.1988240480422974,1.0161973237991333,1208134478.0
2021-01-25,1.2060240507125854,1.2096240520477295,1.0980219841003418,1.1052219867706299,0.9368544220924377,1607588021.0
2021-02-01,1.112421989440918,1.1808229684829712,1.1034220457077026,1.1484229564666748,0.9734741449356079,1408544369.0
2021-02-08,1.1574230194091797,1.1826239824295044,1.1340229511260986,1.170022964477539,0.9917836785316467,1411945449.0
2021-02-15,1.179023027420044,1.1862239837646484,1.072821021080017,1.0908219814300537,0.924648106098175,2299672108.0
2021-02-22,1.0962220430374146,1.0962220430374146,1.008020043373108,1.0314199924468994,0.8742952942848206,1865363248.0
2021-03-01,1.0368210077285767,1.0764210224151611,1.0296200513839722,1.069221019744873,0.9063377976417542,1605355500.0
2021-03-08,1.0710209608078003,1.0710209608078003,1.0314199924468994,1.05302095413208,0.8926056027412415,1798244133.0
2021-03-15,1.049420952796936,1.0854220390319824,1.0260200500488281,1.0314199924468994,0.8742952942848206,1580586569.0
2021-03-22,0.9558190107345581,0.9702190160751343,0.8388170003890991,0.8712170124053955,0.7384973168373108,1939085207.0
2021-03-29,0.8730170130729675,0.9198179841041565,0.8622170090675354,0.8982179760932922,0.7613850235939026,1252285225.0
2021-04-02,,,,,,
2021-04-05,0.8946179747581482,0.9036179780960083,0.8640170097351074,0.8712170124053955,0.7610385417938232,852265708.0
2021-04-12,0.8694170117378235,0.9360190033912659,0.8514170050621033,0.8838170170783997,0.7720450162887573,1530904668.0
2021-04-19,0.8838170170783997,0.8874179720878601,0.8496170043945312,0.8748170137405396,0.7641832232475281,919984756.0
2021-04-26,0.8712170124053955,0.8856170177459717,0.8658170104026794,0.8766170144081116,0.7657555937767029,1002722243.0
2021-05-03,0.8766170144081116,0.9270179867744446,0.8748170137405396,0.9144179821014404,0.7987759709358215,1541590023.0
2021-05-10,0.9180179834365845,0.9216179847717285,0.9000179767608643,0.9036179780960083,0.7893418669700623,618565188.0
2021-05-17,0.9090179800987244,0.9396190047264099,0.9054179787635803,0.9270179867744446,0.8097825646400452,1094184013.0
2021-05-24,0.9270179867744446,0.9378190040588379,0.9036179780960083,0.9180179834365845,0.8019207715988159,1527219004.0
2021-05-31,0.9162179827690125,0.9378190040588379,0.9144179821014404,0.9324179887771606,0.8144996166229248,1157132824.0
2021-06-07,0.9324179887771606,0.9702190160751343,0.9306179881095886,0.9612190127372742,0.8396583199501038,1254498863.0
2021-06-14,0.9648190140724182,0.9666190147399902,0.9180179834365845,0.9180179834365845,0.8019207715988159,928847999.0
2021-06-21,0.9180179834365845,0.9594190120697021,0.9126179814338684,0.9396190047264099,0.8207899928092957,832204377.0
2021-06-28,0.943219006061554,0.943219006061554,0.9126179814338684,0.9270179867744446,0.8097825646400452,881935483.0
2021-07-05,0.9252179861068726,0.9594190120697021,0.9234179854393005,0.94861900806427,0.8286518454551697,954498138.0
2021-07-12,0.94861900806427,0.9630190134048462,0.9306179881095886,0.9360190033912659,0.817645251750946,666171337.0
2021-07-19,0.9288179874420166,0.9306179881095886,0.9162179827690125,0.9198179841041565,0.8034931421279907,117522896.0
2021-07-26,0.9216179847717285,0.94861900806427,0.9054179787635803,0.94861900806427,0.8286518454551697,807428379.0
2021-08-02,0.9522190093994141,0.9882199764251709,0.945019006729126,0.9792190194129944,0.855381965637207,1537568682.0
2021-08-09,0.9756190180778503,0.9882199764251709,0.9558190107345581,0.9738190174102783,0.8506648540496826,1318306456.0
2021-08-16,0.9756190180778503,1.0260200500488281,0.9756190180778503,1.002619981765747,0.8758235573768616,1699158052.0
2021-08-23,1.0098199844360352,1.0260200500488281,1.0008200407028198,1.015220046043396,0.8868301510810852,1206392023.0
2021-08-30,1.015220046043396,1.0440210103988647,1.015220046043396,1.0242199897766113,0.8946918845176697,992916769.0
2021-09-06,1.0278199911117554,1.0404210090637207,0.9756190180778503,0.9756190180778503,0.8522372245788574,1153380428.0
2021-09-13,0.9756190180778503,0.9846190214157104,0.94861900806427,0.94861900806427,0.8286518454551697,1186105497.0
2021-09-20,0.9360190033912659,0.9576190114021301,0.9000179767608643,0.9090179800987244,0.7940589189529419,1522986605.0
2021-09-27,0.9162179827690125,0.9396190047264099,0.9054179787635803,0.9288179874420166,0.81135493516922,1521691489.0
2021-10-04,0.9288179874420166,0.9414190053939819,0.9180179834365845,0.9342179894447327,0.8160719871520996,1102816771.0
2021-10-11,0.9360190033912659,0.950419008731842,0.9162179827690125,0.9252179861068726,0.8082101941108704,1406956073.0
2021-10-18,0.9234179854393005,0.9828190207481384,0.9126179814338684,0.9774190187454224,0.8538095951080322,1587728192.0
2021-10-25,0.9738190174102783,1.01882004737854,0.9648190140724182,1.0134199857711792,0.8852577209472656,1668344166.0
2021-11-01,1.0206199884414673,1.128622055053711,1.0134199857711792,1.128622055053711,0.9858906865119934,3155530617.0
2021-11-08,1.1394230127334595,1.1466230154037476,1.1106220483779907,1.1448229551315308,1.0000427961349487,2886560262.0
2021-11-15,1.225823998451233,1.3392269611358643,1.2096240520477295,1.2852259874343872,1.1226897239685059,4060403466.0
2021-11-22,1.2924259901046753,1.3050260543823242,1.1862239837646484,1.2060240507125854,1.0535041093826294,2900679342.0
2021-11-29,1.2114239931106567,1.2672250270843506,1.173622965812683,1.2618249654769897,1.102248191833496,2173392844.0
2021-12-06,1.2636250257492065,1.45802903175354,1.2618249654769897,1.3716269731521606,1.1981641054153442,3568331363.0
2021-12-13,1.3770270347595215,1.7028340101242065,1.3680269718170166,1.441828966140747,1.2594878673553467,4866811019.0
2021-12-20,1.341027021408081,1.497630000114441,1.2978260517120361,1.3986279964447021,1.2217503786087036,3598718451.0
2021-12-27,1.396828055381775,1.4364290237426758,1.2852259874343872,1.294226050376892,1.1305515766143799,2351378480.0
2022-01-03,1.2960259914398193,1.395027995109558,1.290626049041748,1.395027995109558,1.218605637550354,1590784941.0
2022-01-10,1.4202280044555664,1.4490289688110352,1.3734270334243774,1.4328290224075317,1.2516262531280518,1654008985.0
2022-01-17,1.4598289728164673,1.5372309684753418,1.4058279991149902,1.4814300537109375,1.2940808534622192,2776011614.0
2022-01-24,1.4760290384292603,1.504830002784729,1.400428056716919,1.4598289728164673,1.2752115726470947,1402662455.0
2022-01-31,1.4706289768218994,1.5732309818267822,1.4688290357589722,1.4778300523757935,1.2909361124038696,1545784088.0
2022-02-07,1.4724290370941162,1.5894320011138916,1.404028058052063,1.5894320011138916,1.3884243965148926,2304859203.0
2022-02-14,1.5660309791564941,1.5840320587158203,1.5174299478530884,1.5462310314178467,1.35068678855896,1635145574.0
2022-02-21,1.5570310354232788,1.5660309791564941,1.3626270294189453,1.4256279468536377,1.2453358173370361,1542913680.0
2022-02-28,1.5066299438476562,1.5066299438476562,1.4166280031204224,1.438228964805603,1.256343126296997,1738602633.0
2022-03-07,1.4166280031204224,1.4796299934387207,1.3932280540466309,1.4598289728164673,1.2752115726470947,1209168278.0
2022-03-14,1.4598289728164673,1.571431040763855,1.4598289728164673,1.5606310367584229,1.3632657527923584,972405108.0
2022-03-21,1.564231038093567,1.6452330350875854,1.5426310300827026,1.5426310300827026,1.3475420475006104,1063218208.0
2022-03-28,1.5498310327529907,1.6434329748153687,1.4904299974441528,1.5966320037841797,1.3947138786315918,1284974216.0
2022-03-29,,,,,,
2022-04-04,1.6038320064544678,1.82703697681427,1.6038320064544678,1.8216359615325928,1.6490534543991089,1886150321.0
2022-04-11,1.8324370384216309,1.960239052772522,1.8324370384216309,1.940438985824585,1.7566009759902954,2388542686.0
2022-04-18,1.944038987159729,2.007040023803711,1.8828380107879639,1.886438012123108,1.7077161073684692,1786525576.0
2022-04-25,1.9170379638671875,1.9656389951705933,1.8666369915008545,1.8954379558563232,1.7158634662628174,1660727937.0
2022-05-02,1.8954379558563232,1.9494390487670898,1.8558369874954224,1.9044380187988281,1.7240108251571655,705624193.0
2022-05-09,1.900838017463684,1.9620389938354492,1.8036359548568726,1.8216359615325928,1.6490534543991089,1411195049.0
2022-05-16,1.8198360204696655,1.8414369821548462,1.7136340141296387,1.7946360111236572,1.624611496925354,1542589930.0
2022-05-23,1.8054360151290894,1.8576370477676392,1.780236005783081,1.8288370370864868,1.6555722951889038,1435399212.0
2022-05-30,1.839637041091919,1.9692389965057373,1.839637041091919,1.9224389791488647,1.7403062582015991,1573601311.0
2022-06-06,1.9296389818191528,2.0214409828186035,1.836037039756775,1.956639051437378,1.7712663412094116,2002608417.0
2022-06-13,1.9530390501022339,2.0610411167144775,1.815999984741211,1.9520000219345093,1.7670667171478271,1966321368.0
2022-06-14,,,,,,
2022-06-20,1.9559999704360962,1.9919999837875366,1.8600000143051147,1.8799999952316284,1.7018879652023315,1211887056.0
2022-06-27,1.8240000009536743,1.8680000305175781,1.7239999771118164,1.7999999523162842,1.629467248916626,1259712681.0
2022-07-04,1.812000036239624,1.843999981880188,1.74399995803833,1.7960000038146973,1.625846266746521,819703219.0
2022-07-11,1.7960000038146973,1.8079999685287476,1.75600004196167,1.7920000553131104,1.622225284576416,332381082.0
2022-07-18,1.815999984741211,1.9919999837875366,1.815999984741211,1.972000002861023,1.7851718664169312,1225383477.0
2022-07-25,1.9759999513626099,2.115999937057495,1.972000002861023,2.0880000591278076,1.8901821374893188,1508170238.0
2022-08-01,2.0999999046325684,2.6559998989105225,2.0999999046325684,2.568000078201294,2.324706792831421,1738884949.0
2022-08-08,2.572000026702881,2.5959999561309814,2.364000082015991,2.384000062942505,2.1581387519836426,3654563562.0
2022-08-15,2.4000000953674316,2.871999979019165,2.312000036239624,2.7960000038146973,2.5311057567596436,4145930064.0
2022-08-22,2.7920000553131104,3.436000108718872,2.759999990463257,3.0920000076293945,2.799062490463257,5364858749.0
2022-08-29,3.1040000915527344,3.5360000133514404,3.0199999809265137,3.5360000133514404,3.200998067855835,4769067896.0
2022-09-05,3.5999999046325684,4.97599983215332,3.5239999294281006,4.97599983215332,4.504571437835693,5828345166.0
2022-09-12,5.328000068664551,5.395999908447266,3.299999952316284,3.503999948501587,3.172029733657837,7653187821.0
2022-09-19,3.4600000381469727,3.507999897003174,3.055999994277954,3.131999969482422,2.835273027420044,4118019463.0
2022-09-26,3.131999969482422,3.2799999713897705,2.9159998893737793,3.007999897003174,2.7230207920074463,3200841599.0
2022-10-03,3.0239999294281006,3.492000102996826,3.0160000324249268,3.3399999141693115,3.023566961288452,2783783745.0
2022-10-10,3.359999895095825,3.431999921798706,3.24399995803833,3.4159998893737793,3.0923666954040527,2982938179.0
2022-10-17,3.447999954223633,4.127999782562256,3.447999954223633,3.931999921798706,3.559480667114258,4403348488.0
2022-10-24,3.9639999866485596,4.035999774932861,3.563999891281128,3.619999885559082,3.2770397663116455,2479073636.0
2022-10-31,3.640000104904175,3.8519999980926514,3.444000005722046,3.5799999237060547,3.2408294677734375,3706447608.0
2022-11-07,3.619999885559082,3.880000114440918,3.5840001106262207,3.671999931335449,3.324113368988037,3805940249.0
2022-11-14,3.680000066757202,4.184000015258789,3.635999917984009,3.819999933242798,3.4580914974212646,5210319204.0
2022-11-21,3.8559999465942383,4.392000198364258,3.752000093460083,4.099999904632568,3.711564302444458,4570581116.0
2022-11-28,4.111999988555908,4.360000133514404,4.072000026702881,4.176000118255615,3.7803642749786377,4323777631.0
2022-12-05,4.208000183105469,4.239999771118164,3.8480000495910645,4.228000164031982,3.8274378776550293,3421858781.0
2022-12-12,4.24399995803833,5.019999980926514,4.164000034332275,4.9039998054504395,4.439392566680908,4243871514.0
2022-12-19,5.02400016784668,5.4679999351501465,5.015999794006348,5.203999996185303,4.710970878601074,4950498748.0
2022-12-26,5.276000022888184,5.335999965667725,4.927999973297119,5.107999801635742,4.62406587600708,2888866404.0
2023-01-02,5.144000053405762,5.288000106811523,4.395999908447266,4.828000068664551,4.370593070983887,2885605551.0
2023-01-09,4.915999889373779,4.923999786376953,4.02400016784668,4.320000171661377,3.910721778869629,2220695699.0
2023-01-16,4.4039998054504395,4.9720001220703125,4.383999824523926,4.915999889373779,4.450255870819092,2687422476.0
2023-01-23,4.992000102996826,5.159999847412109,4.179999828338623,4.355999946594238,3.9433109760284424,2586392452.0
2023-01-30,4.331999778747559,4.4720001220703125,3.7320001125335693,4.228000164031982,3.8274378776550293,2602748351.0
2023-02-06,4.156000137329102,4.228000164031982,3.615999937057495,3.808000087738037,3.4472286701202393,278698019.0
2023-02-13,3.808000087738037,4.567999839782715,3.808000087738037,4.368000030517578,3.954174041748047,592901094.0
2023-02-20,4.388000011444092,4.547999858856201,4.251999855041504,4.323999881744385,3.9143424034118652,1129033052.0
2023-02-27,4.360000133514404,4.840000152587891,4.263999938964844,4.716000080108643,4.269204139709473,2117314591.0
2023-03-06,4.763999938964844,6.056000232696533,4.74399995803833,5.823999881744385,5.2722320556640625,5253638593.0
2023-03-13,5.880000114440918,6.047999858856201,5.5879998207092285,5.888000011444092,5.330168724060059,4853445112.0
2023-03-20,5.803999900817871,5.900000095367432,5.392000198364258,5.539999961853027,5.015138149261475,3130193676.0
2023-03-27,5.584000110626221,5.607999801635742,5.127999782562256,5.188000202178955,4.696486949920654,2612808339.0
2023-04-03,4.868000030517578,5.044000148773193,0.4000000059604645,4.723999977111816,4.2764458656311035,1760791752.0
2023-04-10,4.75600004196167,4.995999813079834,4.751999855041504,4.8480000495910645,4.724966526031494,1934608578.0
2023-04-17,4.860000133514404,5.059999942779541,4.71999979019165,4.74399995803833,4.623605728149414,1252785227.0
2023-04-24,4.776000022888184,4.835999965667725,4.25600004196167,4.331999778747559,4.2220611572265625,1408547956.0
2023-05-01,4.331999778747559,4.415999889373779,4.168000221252441,4.260000228881836,4.151888847351074,1006611199.0
2023-05-08,4.300000190734863,5.964000225067139,4.251999855041504,5.5879998207092285,5.446186065673828,5303372431.0
2023-05-15,5.0320000648498535,5.0320000648498535,4.303999900817871,4.311999797821045,4.202569007873535,2969294244.0
2023-05-22,4.3520002365112305,4.363999843597412,4.067999839782715,4.216000080108643,4.109005451202393,2429355426.0
2023-05-29,4.25600004196167,4.960000038146973,4.084000110626221,4.9039998054504395,4.779544830322266,4206787839.0
2023-06-05,5.139999866485596,5.539999961853027,4.920000076293945,5.380000114440918,5.243465423583984,3205927354.0
2023-06-12,5.4039998054504395,5.567999839782715,5.127999782562256,5.368000030517578,5.231769561767578,2783459213.0
2023-06-19,5.368000030517578,5.584000110626221,5.116000175476074,5.460000038146973,5.32143497467041,2778861185.0
2023-06-26,5.676000118255615,5.699999809265137,5.556000232696533,5.624000072479248,5.4812726974487305,613868595.0
2023-07-03,5.699999809265137,5.860000133514404,5.5320000648498535,5.564000129699707,5.42279577255249,2532637739.0
2023-07-10,5.664000034332275,6.02400016784668,5.579999923706055,5.796000003814697,5.648907661437988,4121799002.0
2023-07-17,5.843999862670898,5.927999973297119,5.480000019073486,5.627999782562256,5.485171318054199,2160796813.0
2023-07-24,5.6479997634887695,6.124000072479248,5.5,6.019999980926514,5.867223262786865,2684059762.0
2023-07-31,6.052000045776367,6.432000160217285,5.943999767303467,6.423999786376953,6.260970115661621,3675708287.0
2023-08-07,6.4720001220703125,7.5279998779296875,6.3520002365112305,6.920000076293945,6.744382858276367,5008052624.0
2023-08-14,6.952000141143799,7.116000175476074,6.556000232696533,6.644000053405762,6.475387096405029,2908162551.0
2023-08-21,6.388000011444092,7.599999904632568,6.323999881744385,7.4720001220703125,7.282373905181885,4708471793.0
2023-08-28,7.880000114440918,9.343999862670898,7.840000152587891,8.543999671936035,8.327168464660645,4772317370.0
2023-09-04,8.663999557495117,10.119999885559082,8.46399974822998,9.880000114440918,9.629262924194336,4082596654.0
2023-09-11,9.920000076293945,9.928000450134277,8.288000106811523,8.631999969482422,8.412935256958008,3060711508.0
2023-09-18,8.607999801635742,10.112000465393066,8.51200008392334,9.960000038146973,9.707232475280762,3233410109.0
2023-09-25,10.015999794006348,10.607999801635742,9.880000114440918,10.295999526977539,10.03470516204834,2823555451.0
2023-10-02,10.359999656677246,10.552000045776367,9.64799976348877,9.960000038146973,9.707232475280762,1811064051.0
2023-10-09,9.680000305175781,10.520000457763672,9.46399974822998,9.600000381469727,9.356369018554688,1576640553.0
2023-10-16,9.760000228881836,9.760000228881836,8.607999801635742,8.640000343322754,8.420732498168945,1105871506.0
2023-10-23,8.800000190734863,9.67199993133545,8.583999633789062,8.920000076293945,8.693626403808594,2088247181.0
2023-10-30,8.831999778747559,8.871999740600586,7.947999954223633,8.383999824523926,8.171228408813477,1460573093.0
2023-11-06,8.527999877929688,8.86400032043457,7.9679999351501465,8.031999588012695,7.828161716461182,1842224517.0
2023-11-13,8.039999961853027,8.312000274658203,7.796000003814697,8.215999603271484,8.007492065429688,1785493154.0
2023-11-20,8.303999900817871,8.744000434875488,8.263999938964844,8.503999710083008,8.288183212280273,2019712722.0
2023-11-27,8.791999816894531,9.071999549865723,8.576000213623047,8.824000358581543,8.60006332397461,2460502419.0
2023-12-04,8.855999946594238,9.288000106811523,8.736000061035156,8.904000282287598,8.678032875061035,2134307758.0
2023-12-11,8.904000282287598,10.088000297546387,8.760000228881836,9.751999855041504,9.504511833190918,2757985945.0
2023-12-18,9.935999870300293,10.255999565124512,9.456000328063965,9.51200008392334,9.270602226257324,2473416382.0
2023-12-25,9.46399974822998,9.46399974822998,8.631999969482422,9.343999862670898,9.106865882873535,1489050596.0
2024-01-01,9.343999862670898,9.567999839782715,8.880000114440918,9.272000312805176,9.036693572998047,1394894706.0
2024-01-08,9.399999618530273,10.744000434875488,9.399999618530273,10.383999824523926,10.120471954345703,3615212716.0
2024-01-15,10.295999526977539,10.727999687194824,9.984000205993652,10.175999641418457,9.917750358581543,2404265729.0
2024-01-22,10.119999885559082,10.184000015258789,9.496000289916992,10.119999885559082,9.86317253112793,1837667082.0
2024-01-29,10.168000221252441,10.51200008392334,9.968000411987305,10.223999977111816,9.964532852172852,1715887194.0
2024-02-05,10.423999786376953,10.631999969482422,10.15999984741211,10.32800006866455,10.06589412689209,1628367946.0
2024-02-12,10.392000198364258,11.343999862670898,10.359999656677246,11.13599967956543,10.853387832641602,3352346338.0
2024-02-19,11.168000221252441,11.616000175476074,10.880000114440918,11.496000289916992,11.204252243041992,3099061043.0
2024-02-26,11.503999710083008,11.600000381469727,10.680000305175781,10.710000038146973,10.438199043273926,1481984477.0
2024-02-27,,,,,,
2024-03-04,10.770000457763672,10.930000305175781,9.800000190734863,10.859999656677246,10.584392547607422,1392076377.0
2024-03-11,11.279999732971191,11.300000190734863,10.210000038146973,10.239999771118164,9.98012638092041,1618078042.0
2024-03-18,10.270000457763672,11.390000343322754,10.220000267028809,11.020000457763672,10.74033260345459,1858340736.0
2024-03-25,11.039999961853027,11.890000343322754,10.739999771118164,11.390000343322754,11.100942611694336,2341206181.0
2024-04-01,11.779999732971191,13.199999809265137,11.079999923706055,12.760000228881836,12.436174392700195,3348932665.0
2024-04-08,12.819999694824219,13.0600004196167,12.779999732971191,12.819999694824219,12.819999694824219,409378459.0
2024-04-15,12.710000038146973,13.119999885559082,12.100000381469727,12.859999656677246,12.859999656677246,1978382884.0
2024-04-22,13.029999732971191,13.529999732971191,12.380000114440918,13.289999961853027,13.289999961853027,1731272190.0
2024-04-29,13.350000381469727,13.970000267028809,13.34000015258789,13.729999542236328,13.729999542236328,1380372520.0
2024-05-06,13.729999542236328,14.079999923706055,13.369999885559082,13.510000228881836,13.510000228881836,1940293195.0
2024-05-13,13.529999732971191,14.90999984741211,13.319999694824219,14.800000190734863,14.800000190734863,2248960079.0
2024-05-20,14.800000190734863,16.510000228881836,14.760000228881836,15.4399995803833,15.4399995803833,1659004662.0
2024-05-27,15.5,16.549999237060547,15.369999885559082,16.110000610351562,16.110000610351562,1835322288.0
2024-06-03,16.239999771118164,16.65999984741211,15.359999656677246,15.510000228881836,15.510000228881836,1765381148.0
2024-06-10,15.510000228881836,16.600000381469727,15.039999961853027,16.309999465942383,16.309999465942383,1048555533.0
2024-06-14,16.600000381469727,16.739999771118164,16.389999389648438,16.690000534057617,16.690000534057617,86561491.0
